path,true,pred,true_name,pred_name,correct
test\00_麻婆豆腐\00_000507.jpg,0,0,麻婆豆腐,麻婆豆腐,1
test\00_麻婆豆腐\00_001475.jpg,0,0,麻婆豆腐,麻婆豆腐,1
test\00_麻婆豆腐\00_001574.jpg,0,0,麻婆豆腐,麻婆豆腐,1
test\00_麻婆豆腐\00_003163.jpg,0,0,麻婆豆腐,麻婆豆腐,1
test\00_麻婆豆腐\00_003445.jpg,0,0,麻婆豆腐,麻婆豆腐,1
test\00_麻婆豆腐\00_003720.jpg,0,0,麻婆豆腐,麻婆豆腐,1
test\00_麻婆豆腐\00_006143.jpg,0,0,麻婆豆腐,麻婆豆腐,1
test\00_麻婆豆腐\00_006827.jpg,0,0,麻婆豆腐,麻婆豆腐,1
test\00_麻婆豆腐\00_007113.jpg,0,0,麻婆豆腐,麻婆豆腐,1
test\00_麻婆豆腐\00_007953.jpg,0,0,麻婆豆腐,麻婆豆腐,1
test\00_麻婆豆腐\00_010453.jpg,0,0,麻婆豆腐,麻婆豆腐,1
test\00_麻婆豆腐\00_010612.jpg,0,0,麻婆豆腐,麻婆豆腐,1
test\00_麻婆豆腐\00_010984.jpg,0,0,麻婆豆腐,麻婆豆腐,1
test\00_麻婆豆腐\00_011405.jpg,0,0,麻婆豆腐,麻婆豆腐,1
test\00_麻婆豆腐\00_012011.jpg,0,0,麻婆豆腐,麻婆豆腐,1
test\00_麻婆豆腐\00_014200.jpg,0,0,麻婆豆腐,麻婆豆腐,1
test\00_麻婆豆腐\00_015301.jpg,0,0,麻婆豆腐,麻婆豆腐,1
test\00_麻婆豆腐\00_016624.jpg,0,0,麻婆豆腐,麻婆豆腐,1
test\00_麻婆豆腐\00_017318.jpg,0,0,麻婆豆腐,麻婆豆腐,1
test\00_麻婆豆腐\00_020177.jpg,0,0,麻婆豆腐,麻婆豆腐,1
test\01_宫保鸡丁\01_000109.jpg,1,1,宫保鸡丁,宫保鸡丁,1
test\01_宫保鸡丁\01_000354.jpg,1,1,宫保鸡丁,宫保鸡丁,1
test\01_宫保鸡丁\01_002202.jpg,1,5,宫保鸡丁,鱼香茄子,0
test\01_宫保鸡丁\01_003125.jpg,1,13,宫保鸡丁,京酱肉丝,0
test\01_宫保鸡丁\01_005415.jpg,1,1,宫保鸡丁,宫保鸡丁,1
test\01_宫保鸡丁\01_006394.jpg,1,3,宫保鸡丁,鱼香肉丝,0
test\01_宫保鸡丁\01_007130.jpg,1,1,宫保鸡丁,宫保鸡丁,1
test\01_宫保鸡丁\01_007234.jpg,1,5,宫保鸡丁,鱼香茄子,0
test\01_宫保鸡丁\01_007264.jpg,1,13,宫保鸡丁,京酱肉丝,0
test\01_宫保鸡丁\01_007287.jpg,1,1,宫保鸡丁,宫保鸡丁,1
test\01_宫保鸡丁\01_007774.jpg,1,3,宫保鸡丁,鱼香肉丝,0
test\01_宫保鸡丁\01_008919.jpg,1,1,宫保鸡丁,宫保鸡丁,1
test\01_宫保鸡丁\01_010241.jpg,1,1,宫保鸡丁,宫保鸡丁,1
test\01_宫保鸡丁\01_011956.jpg,1,1,宫保鸡丁,宫保鸡丁,1
test\01_宫保鸡丁\01_012686.jpg,1,1,宫保鸡丁,宫保鸡丁,1
test\01_宫保鸡丁\01_014268.jpg,1,1,宫保鸡丁,宫保鸡丁,1
test\01_宫保鸡丁\01_015272.jpg,1,1,宫保鸡丁,宫保鸡丁,1
test\01_宫保鸡丁\01_018698.jpg,1,1,宫保鸡丁,宫保鸡丁,1
test\01_宫保鸡丁\01_018888.jpg,1,1,宫保鸡丁,宫保鸡丁,1
test\01_宫保鸡丁\01_019283.jpg,1,1,宫保鸡丁,宫保鸡丁,1
test\02_回锅肉\02_000529.jpg,2,18,回锅肉,葱爆羊肉,0
test\02_回锅肉\02_001220.jpg,2,2,回锅肉,回锅肉,1
test\02_回锅肉\02_002226.jpg,2,2,回锅肉,回锅肉,1
test\02_回锅肉\02_004870.jpg,2,5,回锅肉,鱼香茄子,0
test\02_回锅肉\02_005404.jpg,2,5,回锅肉,鱼香茄子,0
test\02_回锅肉\02_006007.jpg,2,2,回锅肉,回锅肉,1
test\02_回锅肉\02_008280.jpg,2,2,回锅肉,回锅肉,1
test\02_回锅肉\02_009597.jpg,2,2,回锅肉,回锅肉,1
test\02_回锅肉\02_009705.jpg,2,5,回锅肉,鱼香茄子,0
test\02_回锅肉\02_010008.jpg,2,18,回锅肉,葱爆羊肉,0
test\02_回锅肉\02_012255.jpg,2,5,回锅肉,鱼香茄子,0
test\02_回锅肉\02_013049.jpg,2,18,回锅肉,葱爆羊肉,0
test\02_回锅肉\02_013602.jpg,2,5,回锅肉,鱼香茄子,0
test\02_回锅肉\02_013957.jpg,2,3,回锅肉,鱼香肉丝,0
test\02_回锅肉\02_014044.jpg,2,5,回锅肉,鱼香茄子,0
test\02_回锅肉\02_016830.jpg,2,2,回锅肉,回锅肉,1
test\02_回锅肉\02_017825.jpg,2,5,回锅肉,鱼香茄子,0
test\02_回锅肉\02_017999.jpg,2,2,回锅肉,回锅肉,1
test\02_回锅肉\02_018528.jpg,2,2,回锅肉,回锅肉,1
test\02_回锅肉\02_018586.jpg,2,2,回锅肉,回锅肉,1
test\03_鱼香肉丝\03_000592.jpg,3,3,鱼香肉丝,鱼香肉丝,1
test\03_鱼香肉丝\03_002417.jpg,3,3,鱼香肉丝,鱼香肉丝,1
test\03_鱼香肉丝\03_004912.jpg,3,3,鱼香肉丝,鱼香肉丝,1
test\03_鱼香肉丝\03_005439.jpg,3,3,鱼香肉丝,鱼香肉丝,1
test\03_鱼香肉丝\03_006707.jpg,3,3,鱼香肉丝,鱼香肉丝,1
test\03_鱼香肉丝\03_006989.jpg,3,3,鱼香肉丝,鱼香肉丝,1
test\03_鱼香肉丝\03_007586.jpg,3,3,鱼香肉丝,鱼香肉丝,1
test\03_鱼香肉丝\03_008158.jpg,3,5,鱼香肉丝,鱼香茄子,0
test\03_鱼香肉丝\03_008556.jpg,3,3,鱼香肉丝,鱼香肉丝,1
test\03_鱼香肉丝\03_010893.jpg,3,3,鱼香肉丝,鱼香肉丝,1
test\03_鱼香肉丝\03_011203.jpg,3,3,鱼香肉丝,鱼香肉丝,1
test\03_鱼香肉丝\03_011253.jpg,3,3,鱼香肉丝,鱼香肉丝,1
test\03_鱼香肉丝\03_012201.jpg,3,3,鱼香肉丝,鱼香肉丝,1
test\03_鱼香肉丝\03_012254.jpg,3,3,鱼香肉丝,鱼香肉丝,1
test\03_鱼香肉丝\03_014216.jpg,3,3,鱼香肉丝,鱼香肉丝,1
test\03_鱼香肉丝\03_017617.jpg,3,3,鱼香肉丝,鱼香肉丝,1
test\03_鱼香肉丝\03_017913.jpg,3,3,鱼香肉丝,鱼香肉丝,1
test\03_鱼香肉丝\03_018727.jpg,3,5,鱼香肉丝,鱼香茄子,0
test\03_鱼香肉丝\03_019858.jpg,3,3,鱼香肉丝,鱼香肉丝,1
test\03_鱼香肉丝\03_020013.jpg,3,3,鱼香肉丝,鱼香肉丝,1
test\04_水煮鱼\04_003023.jpg,4,4,水煮鱼,水煮鱼,1
test\04_水煮鱼\04_004876.jpg,4,4,水煮鱼,水煮鱼,1
test\04_水煮鱼\04_005213.jpg,4,4,水煮鱼,水煮鱼,1
test\04_水煮鱼\04_007403.jpg,4,4,水煮鱼,水煮鱼,1
test\04_水煮鱼\04_008592.jpg,4,4,水煮鱼,水煮鱼,1
test\04_水煮鱼\04_008975.jpg,4,4,水煮鱼,水煮鱼,1
test\04_水煮鱼\04_009216.jpg,4,5,水煮鱼,鱼香茄子,0
test\04_水煮鱼\04_009922.jpg,4,4,水煮鱼,水煮鱼,1
test\04_水煮鱼\04_010382.jpg,4,5,水煮鱼,鱼香茄子,0
test\04_水煮鱼\04_010730.jpg,4,4,水煮鱼,水煮鱼,1
test\04_水煮鱼\04_011327.jpg,4,4,水煮鱼,水煮鱼,1
test\04_水煮鱼\04_011773.jpg,4,4,水煮鱼,水煮鱼,1
test\04_水煮鱼\04_013428.jpg,4,4,水煮鱼,水煮鱼,1
test\04_水煮鱼\04_016366.jpg,4,4,水煮鱼,水煮鱼,1
test\04_水煮鱼\04_017572.jpg,4,4,水煮鱼,水煮鱼,1
test\04_水煮鱼\04_017826.jpg,4,4,水煮鱼,水煮鱼,1
test\04_水煮鱼\04_018889.jpg,4,17,水煮鱼,炸酱面,0
test\04_水煮鱼\04_019905.jpg,4,4,水煮鱼,水煮鱼,1
test\04_水煮鱼\04_020032.jpg,4,5,水煮鱼,鱼香茄子,0
test\04_水煮鱼\04_020081.jpg,4,4,水煮鱼,水煮鱼,1
test\05_鱼香茄子\05_000913.jpg,5,5,鱼香茄子,鱼香茄子,1
test\05_鱼香茄子\05_001824.jpg,5,5,鱼香茄子,鱼香茄子,1
test\05_鱼香茄子\05_003492.jpg,5,5,鱼香茄子,鱼香茄子,1
test\05_鱼香茄子\05_004121.jpg,5,5,鱼香茄子,鱼香茄子,1
test\05_鱼香茄子\05_004206.jpg,5,5,鱼香茄子,鱼香茄子,1
test\05_鱼香茄子\05_004517.jpg,5,5,鱼香茄子,鱼香茄子,1
test\05_鱼香茄子\05_005021.jpg,5,5,鱼香茄子,鱼香茄子,1
test\05_鱼香茄子\05_006008.jpg,5,5,鱼香茄子,鱼香茄子,1
test\05_鱼香茄子\05_006609.jpg,5,5,鱼香茄子,鱼香茄子,1
test\05_鱼香茄子\05_007218.jpg,5,5,鱼香茄子,鱼香茄子,1
test\05_鱼香茄子\05_008610.jpg,5,5,鱼香茄子,鱼香茄子,1
test\05_鱼香茄子\05_009356.jpg,5,5,鱼香茄子,鱼香茄子,1
test\05_鱼香茄子\05_009410.jpg,5,5,鱼香茄子,鱼香茄子,1
test\05_鱼香茄子\05_011407.jpg,5,5,鱼香茄子,鱼香茄子,1
test\05_鱼香茄子\05_011535.jpg,5,5,鱼香茄子,鱼香茄子,1
test\05_鱼香茄子\05_016588.jpg,5,5,鱼香茄子,鱼香茄子,1
test\05_鱼香茄子\05_017429.jpg,5,5,鱼香茄子,鱼香茄子,1
test\05_鱼香茄子\05_018496.jpg,5,5,鱼香茄子,鱼香茄子,1
test\05_鱼香茄子\05_019198.jpg,5,5,鱼香茄子,鱼香茄子,1
test\05_鱼香茄子\05_019612.jpg,5,5,鱼香茄子,鱼香茄子,1
test\06_酸辣土豆丝\06_000293.jpg,6,6,酸辣土豆丝,酸辣土豆丝,1
test\06_酸辣土豆丝\06_000645.jpg,6,6,酸辣土豆丝,酸辣土豆丝,1
test\06_酸辣土豆丝\06_001660.jpg,6,6,酸辣土豆丝,酸辣土豆丝,1
test\06_酸辣土豆丝\06_002234.jpg,6,6,酸辣土豆丝,酸辣土豆丝,1
test\06_酸辣土豆丝\06_002353.jpg,6,6,酸辣土豆丝,酸辣土豆丝,1
test\06_酸辣土豆丝\06_003263.jpg,6,6,酸辣土豆丝,酸辣土豆丝,1
test\06_酸辣土豆丝\06_004034.jpg,6,6,酸辣土豆丝,酸辣土豆丝,1
test\06_酸辣土豆丝\06_005243.jpg,6,6,酸辣土豆丝,酸辣土豆丝,1
test\06_酸辣土豆丝\06_006728.jpg,6,6,酸辣土豆丝,酸辣土豆丝,1
test\06_酸辣土豆丝\06_008137.jpg,6,6,酸辣土豆丝,酸辣土豆丝,1
test\06_酸辣土豆丝\06_009969.jpg,6,6,酸辣土豆丝,酸辣土豆丝,1
test\06_酸辣土豆丝\06_012839.jpg,6,6,酸辣土豆丝,酸辣土豆丝,1
test\06_酸辣土豆丝\06_013310.jpg,6,6,酸辣土豆丝,酸辣土豆丝,1
test\06_酸辣土豆丝\06_015373.jpg,6,6,酸辣土豆丝,酸辣土豆丝,1
test\06_酸辣土豆丝\06_016443.jpg,6,6,酸辣土豆丝,酸辣土豆丝,1
test\06_酸辣土豆丝\06_016681.jpg,6,6,酸辣土豆丝,酸辣土豆丝,1
test\06_酸辣土豆丝\06_018167.jpg,6,6,酸辣土豆丝,酸辣土豆丝,1
test\06_酸辣土豆丝\06_018279.jpg,6,6,酸辣土豆丝,酸辣土豆丝,1
test\06_酸辣土豆丝\06_018591.jpg,6,6,酸辣土豆丝,酸辣土豆丝,1
test\06_酸辣土豆丝\06_018961.jpg,6,6,酸辣土豆丝,酸辣土豆丝,1
test\07_西红柿炒蛋\07_001406.jpg,7,7,西红柿炒蛋,西红柿炒蛋,1
test\07_西红柿炒蛋\07_002979.jpg,7,7,西红柿炒蛋,西红柿炒蛋,1
test\07_西红柿炒蛋\07_003585.jpg,7,7,西红柿炒蛋,西红柿炒蛋,1
test\07_西红柿炒蛋\07_004397.jpg,7,7,西红柿炒蛋,西红柿炒蛋,1
test\07_西红柿炒蛋\07_005317.jpg,7,7,西红柿炒蛋,西红柿炒蛋,1
test\07_西红柿炒蛋\07_007963.jpg,7,7,西红柿炒蛋,西红柿炒蛋,1
test\07_西红柿炒蛋\07_008757.jpg,7,7,西红柿炒蛋,西红柿炒蛋,1
test\07_西红柿炒蛋\07_009975.jpg,7,7,西红柿炒蛋,西红柿炒蛋,1
test\07_西红柿炒蛋\07_011168.jpg,7,7,西红柿炒蛋,西红柿炒蛋,1
test\07_西红柿炒蛋\07_013026.jpg,7,7,西红柿炒蛋,西红柿炒蛋,1
test\07_西红柿炒蛋\07_014688.jpg,7,7,西红柿炒蛋,西红柿炒蛋,1
test\07_西红柿炒蛋\07_015211.jpg,7,7,西红柿炒蛋,西红柿炒蛋,1
test\07_西红柿炒蛋\07_015403.jpg,7,7,西红柿炒蛋,西红柿炒蛋,1
test\07_西红柿炒蛋\07_016970.jpg,7,7,西红柿炒蛋,西红柿炒蛋,1
test\07_西红柿炒蛋\07_017465.jpg,7,7,西红柿炒蛋,西红柿炒蛋,1
test\07_西红柿炒蛋\07_018007.jpg,7,7,西红柿炒蛋,西红柿炒蛋,1
test\07_西红柿炒蛋\07_018166.jpg,7,7,西红柿炒蛋,西红柿炒蛋,1
test\07_西红柿炒蛋\07_018185.jpg,7,7,西红柿炒蛋,西红柿炒蛋,1
test\07_西红柿炒蛋\07_018251.jpg,7,7,西红柿炒蛋,西红柿炒蛋,1
test\07_西红柿炒蛋\07_018775.jpg,7,7,西红柿炒蛋,西红柿炒蛋,1
test\08_地三鲜\08_001571.jpg,8,8,地三鲜,地三鲜,1
test\08_地三鲜\08_002374.jpg,8,8,地三鲜,地三鲜,1
test\08_地三鲜\08_003174.jpg,8,8,地三鲜,地三鲜,1
test\08_地三鲜\08_004216.jpg,8,8,地三鲜,地三鲜,1
test\08_地三鲜\08_004467.jpg,8,5,地三鲜,鱼香茄子,0
test\08_地三鲜\08_006437.jpg,8,8,地三鲜,地三鲜,1
test\08_地三鲜\08_006607.jpg,8,6,地三鲜,酸辣土豆丝,0
test\08_地三鲜\08_008494.jpg,8,5,地三鲜,鱼香茄子,0
test\08_地三鲜\08_009267.jpg,8,5,地三鲜,鱼香茄子,0
test\08_地三鲜\08_009282.jpg,8,8,地三鲜,地三鲜,1
test\08_地三鲜\08_010248.jpg,8,8,地三鲜,地三鲜,1
test\08_地三鲜\08_010535.jpg,8,8,地三鲜,地三鲜,1
test\08_地三鲜\08_011640.jpg,8,8,地三鲜,地三鲜,1
test\08_地三鲜\08_013582.jpg,8,8,地三鲜,地三鲜,1
test\08_地三鲜\08_013965.jpg,8,8,地三鲜,地三鲜,1
test\08_地三鲜\08_014620.jpg,8,5,地三鲜,鱼香茄子,0
test\08_地三鲜\08_015019.jpg,8,5,地三鲜,鱼香茄子,0
test\08_地三鲜\08_016105.jpg,8,8,地三鲜,地三鲜,1
test\08_地三鲜\08_016595.jpg,8,8,地三鲜,地三鲜,1
test\08_地三鲜\08_016690.jpg,8,5,地三鲜,鱼香茄子,0
test\09_蚝油生菜\09_002643.jpg,9,9,蚝油生菜,蚝油生菜,1
test\09_蚝油生菜\09_003167.jpg,9,9,蚝油生菜,蚝油生菜,1
test\09_蚝油生菜\09_003284.jpg,9,9,蚝油生菜,蚝油生菜,1
test\09_蚝油生菜\09_003974.jpg,9,9,蚝油生菜,蚝油生菜,1
test\09_蚝油生菜\09_004060.jpg,9,9,蚝油生菜,蚝油生菜,1
test\09_蚝油生菜\09_006112.jpg,9,9,蚝油生菜,蚝油生菜,1
test\09_蚝油生菜\09_009767.jpg,9,9,蚝油生菜,蚝油生菜,1
test\09_蚝油生菜\09_010995.jpg,9,9,蚝油生菜,蚝油生菜,1
test\09_蚝油生菜\09_011287.jpg,9,9,蚝油生菜,蚝油生菜,1
test\09_蚝油生菜\09_011604.jpg,9,9,蚝油生菜,蚝油生菜,1
test\09_蚝油生菜\09_012408.jpg,9,9,蚝油生菜,蚝油生菜,1
test\09_蚝油生菜\09_012822.jpg,9,9,蚝油生菜,蚝油生菜,1
test\09_蚝油生菜\09_013234.jpg,9,9,蚝油生菜,蚝油生菜,1
test\09_蚝油生菜\09_013485.jpg,9,9,蚝油生菜,蚝油生菜,1
test\09_蚝油生菜\09_015274.jpg,9,9,蚝油生菜,蚝油生菜,1
test\09_蚝油生菜\09_015452.jpg,9,9,蚝油生菜,蚝油生菜,1
test\09_蚝油生菜\09_016336.jpg,9,9,蚝油生菜,蚝油生菜,1
test\09_蚝油生菜\09_018116.jpg,9,6,蚝油生菜,酸辣土豆丝,0
test\09_蚝油生菜\09_020165.jpg,9,9,蚝油生菜,蚝油生菜,1
test\09_蚝油生菜\09_020232.jpg,9,9,蚝油生菜,蚝油生菜,1
test\10_红烧肉\10_000697.jpg,10,13,红烧肉,京酱肉丝,0
test\10_红烧肉\10_001657.jpg,10,11,红烧肉,糖醋排骨,0
test\10_红烧肉\10_003416.jpg,10,10,红烧肉,红烧肉,1
test\10_红烧肉\10_003545.jpg,10,11,红烧肉,糖醋排骨,0
test\10_红烧肉\10_005026.jpg,10,11,红烧肉,糖醋排骨,0
test\10_红烧肉\10_007437.jpg,10,13,红烧肉,京酱肉丝,0
test\10_红烧肉\10_008443.jpg,10,13,红烧肉,京酱肉丝,0
test\10_红烧肉\10_008779.jpg,10,12,红烧肉,梅菜扣肉,0
test\10_红烧肉\10_010532.jpg,10,10,红烧肉,红烧肉,1
test\10_红烧肉\10_011597.jpg,10,11,红烧肉,糖醋排骨,0
test\10_红烧肉\10_011927.jpg,10,11,红烧肉,糖醋排骨,0
test\10_红烧肉\10_012705.jpg,10,10,红烧肉,红烧肉,1
test\10_红烧肉\10_013068.jpg,10,11,红烧肉,糖醋排骨,0
test\10_红烧肉\10_014151.jpg,10,11,红烧肉,糖醋排骨,0
test\10_红烧肉\10_014395.jpg,10,10,红烧肉,红烧肉,1
test\10_红烧肉\10_014841.jpg,10,10,红烧肉,红烧肉,1
test\10_红烧肉\10_015245.jpg,10,10,红烧肉,红烧肉,1
test\10_红烧肉\10_015869.jpg,10,11,红烧肉,糖醋排骨,0
test\10_红烧肉\10_017029.jpg,10,5,红烧肉,鱼香茄子,0
test\10_红烧肉\10_019185.jpg,10,10,红烧肉,红烧肉,1
test\11_糖醋排骨\11_000525.jpg,11,11,糖醋排骨,糖醋排骨,1
test\11_糖醋排骨\11_000848.jpg,11,16,糖醋排骨,扬州炒饭,0
test\11_糖醋排骨\11_003224.jpg,11,11,糖醋排骨,糖醋排骨,1
test\11_糖醋排骨\11_004487.jpg,11,16,糖醋排骨,扬州炒饭,0
test\11_糖醋排骨\11_004551.jpg,11,11,糖醋排骨,糖醋排骨,1
test\11_糖醋排骨\11_005916.jpg,11,11,糖醋排骨,糖醋排骨,1
test\11_糖醋排骨\11_006903.jpg,11,11,糖醋排骨,糖醋排骨,1
test\11_糖醋排骨\11_008128.jpg,11,11,糖醋排骨,糖醋排骨,1
test\11_糖醋排骨\11_008265.jpg,11,11,糖醋排骨,糖醋排骨,1
test\11_糖醋排骨\11_008988.jpg,11,11,糖醋排骨,糖醋排骨,1
test\11_糖醋排骨\11_010322.jpg,11,11,糖醋排骨,糖醋排骨,1
test\11_糖醋排骨\11_011174.jpg,11,11,糖醋排骨,糖醋排骨,1
test\11_糖醋排骨\11_011612.jpg,11,11,糖醋排骨,糖醋排骨,1
test\11_糖醋排骨\11_013250.jpg,11,11,糖醋排骨,糖醋排骨,1
test\11_糖醋排骨\11_013846.jpg,11,11,糖醋排骨,糖醋排骨,1
test\11_糖醋排骨\11_015414.jpg,11,11,糖醋排骨,糖醋排骨,1
test\11_糖醋排骨\11_015989.jpg,11,11,糖醋排骨,糖醋排骨,1
test\11_糖醋排骨\11_015991.jpg,11,11,糖醋排骨,糖醋排骨,1
test\11_糖醋排骨\11_017821.jpg,11,11,糖醋排骨,糖醋排骨,1
test\11_糖醋排骨\11_018141.jpg,11,13,糖醋排骨,京酱肉丝,0
test\12_梅菜扣肉\12_000244.jpg,12,12,梅菜扣肉,梅菜扣肉,1
test\12_梅菜扣肉\12_000663.jpg,12,12,梅菜扣肉,梅菜扣肉,1
test\12_梅菜扣肉\12_002980.jpg,12,12,梅菜扣肉,梅菜扣肉,1
test\12_梅菜扣肉\12_005667.jpg,12,12,梅菜扣肉,梅菜扣肉,1
test\12_梅菜扣肉\12_005769.jpg,12,12,梅菜扣肉,梅菜扣肉,1
test\12_梅菜扣肉\12_007079.jpg,12,5,梅菜扣肉,鱼香茄子,0
test\12_梅菜扣肉\12_007374.jpg,12,12,梅菜扣肉,梅菜扣肉,1
test\12_梅菜扣肉\12_007845.jpg,12,12,梅菜扣肉,梅菜扣肉,1
test\12_梅菜扣肉\12_008693.jpg,12,12,梅菜扣肉,梅菜扣肉,1
test\12_梅菜扣肉\12_008865.jpg,12,12,梅菜扣肉,梅菜扣肉,1
test\12_梅菜扣肉\12_009774.jpg,12,12,梅菜扣肉,梅菜扣肉,1
test\12_梅菜扣肉\12_012364.jpg,12,12,梅菜扣肉,梅菜扣肉,1
test\12_梅菜扣肉\12_013612.jpg,12,12,梅菜扣肉,梅菜扣肉,1
test\12_梅菜扣肉\12_015919.jpg,12,12,梅菜扣肉,梅菜扣肉,1
test\12_梅菜扣肉\12_017344.jpg,12,12,梅菜扣肉,梅菜扣肉,1
test\12_梅菜扣肉\12_017754.jpg,12,12,梅菜扣肉,梅菜扣肉,1
test\12_梅菜扣肉\12_017834.jpg,12,12,梅菜扣肉,梅菜扣肉,1
test\12_梅菜扣肉\12_018353.jpg,12,12,梅菜扣肉,梅菜扣肉,1
test\12_梅菜扣肉\12_018550.jpg,12,12,梅菜扣肉,梅菜扣肉,1
test\12_梅菜扣肉\12_019461.jpg,12,12,梅菜扣肉,梅菜扣肉,1
test\13_京酱肉丝\13_000505.jpg,13,13,京酱肉丝,京酱肉丝,1
test\13_京酱肉丝\13_000770.jpg,13,13,京酱肉丝,京酱肉丝,1
test\13_京酱肉丝\13_000789.jpg,13,13,京酱肉丝,京酱肉丝,1
test\13_京酱肉丝\13_002621.jpg,13,13,京酱肉丝,京酱肉丝,1
test\13_京酱肉丝\13_006645.jpg,13,13,京酱肉丝,京酱肉丝,1
test\13_京酱肉丝\13_006863.jpg,13,13,京酱肉丝,京酱肉丝,1
test\13_京酱肉丝\13_007154.jpg,13,13,京酱肉丝,京酱肉丝,1
test\13_京酱肉丝\13_008698.jpg,13,13,京酱肉丝,京酱肉丝,1
test\13_京酱肉丝\13_009084.jpg,13,13,京酱肉丝,京酱肉丝,1
test\13_京酱肉丝\13_009239.jpg,13,13,京酱肉丝,京酱肉丝,1
test\13_京酱肉丝\13_009438.jpg,13,13,京酱肉丝,京酱肉丝,1
test\13_京酱肉丝\13_010370.jpg,13,13,京酱肉丝,京酱肉丝,1
test\13_京酱肉丝\13_012038.jpg,13,13,京酱肉丝,京酱肉丝,1
test\13_京酱肉丝\13_013203.jpg,13,13,京酱肉丝,京酱肉丝,1
test\13_京酱肉丝\13_013410.jpg,13,13,京酱肉丝,京酱肉丝,1
test\13_京酱肉丝\13_013912.jpg,13,13,京酱肉丝,京酱肉丝,1
test\13_京酱肉丝\13_014181.jpg,13,13,京酱肉丝,京酱肉丝,1
test\13_京酱肉丝\13_016504.jpg,13,13,京酱肉丝,京酱肉丝,1
test\13_京酱肉丝\13_018308.jpg,13,13,京酱肉丝,京酱肉丝,1
test\13_京酱肉丝\13_020252.jpg,13,13,京酱肉丝,京酱肉丝,1
test\14_饺子\14_000302.jpg,14,14,饺子,饺子,1
test\14_饺子\14_001187.jpg,14,14,饺子,饺子,1
test\14_饺子\14_002632.jpg,14,13,饺子,京酱肉丝,0
test\14_饺子\14_003687.jpg,14,14,饺子,饺子,1
test\14_饺子\14_005128.jpg,14,14,饺子,饺子,1
test\14_饺子\14_005484.jpg,14,14,饺子,饺子,1
test\14_饺子\14_005510.jpg,14,14,饺子,饺子,1
test\14_饺子\14_005570.jpg,14,14,饺子,饺子,1
test\14_饺子\14_013316.jpg,14,14,饺子,饺子,1
test\14_饺子\14_013722.jpg,14,13,饺子,京酱肉丝,0
test\14_饺子\14_014934.jpg,14,14,饺子,饺子,1
test\14_饺子\14_015072.jpg,14,16,饺子,扬州炒饭,0
test\14_饺子\14_016355.jpg,14,14,饺子,饺子,1
test\14_饺子\14_016489.jpg,14,14,饺子,饺子,1
test\14_饺子\14_017037.jpg,14,14,饺子,饺子,1
test\14_饺子\14_018067.jpg,14,14,饺子,饺子,1
test\14_饺子\14_018895.jpg,14,14,饺子,饺子,1
test\14_饺子\14_019464.jpg,14,13,饺子,京酱肉丝,0
test\14_饺子\14_020025.jpg,14,13,饺子,京酱肉丝,0
test\14_饺子\14_020053.jpg,14,14,饺子,饺子,1
test\15_包子\15_000019.jpg,15,13,包子,京酱肉丝,0
test\15_包子\15_000572.jpg,15,13,包子,京酱肉丝,0
test\15_包子\15_003299.jpg,15,5,包子,鱼香茄子,0
test\15_包子\15_003506.jpg,15,13,包子,京酱肉丝,0
test\15_包子\15_003624.jpg,15,13,包子,京酱肉丝,0
test\15_包子\15_004392.jpg,15,17,包子,炸酱面,0
test\15_包子\15_005169.jpg,15,13,包子,京酱肉丝,0
test\15_包子\15_005635.jpg,15,13,包子,京酱肉丝,0
test\15_包子\15_007230.jpg,15,13,包子,京酱肉丝,0
test\15_包子\15_007984.jpg,15,13,包子,京酱肉丝,0
test\15_包子\15_008435.jpg,15,6,包子,酸辣土豆丝,0
test\15_包子\15_008544.jpg,15,13,包子,京酱肉丝,0
test\15_包子\15_008921.jpg,15,13,包子,京酱肉丝,0
test\15_包子\15_012949.jpg,15,13,包子,京酱肉丝,0
test\15_包子\15_013164.jpg,15,13,包子,京酱肉丝,0
test\15_包子\15_013927.jpg,15,13,包子,京酱肉丝,0
test\15_包子\15_014888.jpg,15,11,包子,糖醋排骨,0
test\15_包子\15_015001.jpg,15,13,包子,京酱肉丝,0
test\15_包子\15_016755.jpg,15,13,包子,京酱肉丝,0
test\15_包子\15_018987.jpg,15,13,包子,京酱肉丝,0
test\16_扬州炒饭\16_000495.jpg,16,16,扬州炒饭,扬州炒饭,1
test\16_扬州炒饭\16_002774.jpg,16,16,扬州炒饭,扬州炒饭,1
test\16_扬州炒饭\16_003897.jpg,16,16,扬州炒饭,扬州炒饭,1
test\16_扬州炒饭\16_005000.jpg,16,16,扬州炒饭,扬州炒饭,1
test\16_扬州炒饭\16_005024.jpg,16,16,扬州炒饭,扬州炒饭,1
test\16_扬州炒饭\16_005339.jpg,16,16,扬州炒饭,扬州炒饭,1
test\16_扬州炒饭\16_006487.jpg,16,16,扬州炒饭,扬州炒饭,1
test\16_扬州炒饭\16_007872.jpg,16,16,扬州炒饭,扬州炒饭,1
test\16_扬州炒饭\16_008233.jpg,16,16,扬州炒饭,扬州炒饭,1
test\16_扬州炒饭\16_008445.jpg,16,16,扬州炒饭,扬州炒饭,1
test\16_扬州炒饭\16_009159.jpg,16,16,扬州炒饭,扬州炒饭,1
test\16_扬州炒饭\16_012919.jpg,16,16,扬州炒饭,扬州炒饭,1
test\16_扬州炒饭\16_013775.jpg,16,16,扬州炒饭,扬州炒饭,1
test\16_扬州炒饭\16_013864.jpg,16,16,扬州炒饭,扬州炒饭,1
test\16_扬州炒饭\16_016330.jpg,16,16,扬州炒饭,扬州炒饭,1
test\16_扬州炒饭\16_016692.jpg,16,16,扬州炒饭,扬州炒饭,1
test\16_扬州炒饭\16_016776.jpg,16,16,扬州炒饭,扬州炒饭,1
test\16_扬州炒饭\16_016862.jpg,16,16,扬州炒饭,扬州炒饭,1
test\16_扬州炒饭\16_019141.jpg,16,16,扬州炒饭,扬州炒饭,1
test\16_扬州炒饭\16_019922.jpg,16,16,扬州炒饭,扬州炒饭,1
test\17_炸酱面\17_000033.jpg,17,13,炸酱面,京酱肉丝,0
test\17_炸酱面\17_000934.jpg,17,13,炸酱面,京酱肉丝,0
test\17_炸酱面\17_004306.jpg,17,17,炸酱面,炸酱面,1
test\17_炸酱面\17_005417.jpg,17,17,炸酱面,炸酱面,1
test\17_炸酱面\17_005656.jpg,17,13,炸酱面,京酱肉丝,0
test\17_炸酱面\17_005983.jpg,17,17,炸酱面,炸酱面,1
test\17_炸酱面\17_007820.jpg,17,13,炸酱面,京酱肉丝,0
test\17_炸酱面\17_009375.jpg,17,17,炸酱面,炸酱面,1
test\17_炸酱面\17_010337.jpg,17,13,炸酱面,京酱肉丝,0
test\17_炸酱面\17_012627.jpg,17,13,炸酱面,京酱肉丝,0
test\17_炸酱面\17_013253.jpg,17,13,炸酱面,京酱肉丝,0
test\17_炸酱面\17_013793.jpg,17,17,炸酱面,炸酱面,1
test\17_炸酱面\17_015829.jpg,17,17,炸酱面,炸酱面,1
test\17_炸酱面\17_016133.jpg,17,5,炸酱面,鱼香茄子,0
test\17_炸酱面\17_016440.jpg,17,17,炸酱面,炸酱面,1
test\17_炸酱面\17_018922.jpg,17,13,炸酱面,京酱肉丝,0
test\17_炸酱面\17_018936.jpg,17,17,炸酱面,炸酱面,1
test\17_炸酱面\17_019815.jpg,17,17,炸酱面,炸酱面,1
test\17_炸酱面\17_019831.jpg,17,13,炸酱面,京酱肉丝,0
test\17_炸酱面\17_019840.jpg,17,17,炸酱面,炸酱面,1
test\18_葱爆羊肉\18_000842.jpg,18,18,葱爆羊肉,葱爆羊肉,1
test\18_葱爆羊肉\18_003002.jpg,18,18,葱爆羊肉,葱爆羊肉,1
test\18_葱爆羊肉\18_003774.jpg,18,18,葱爆羊肉,葱爆羊肉,1
test\18_葱爆羊肉\18_004666.jpg,18,18,葱爆羊肉,葱爆羊肉,1
test\18_葱爆羊肉\18_004790.jpg,18,18,葱爆羊肉,葱爆羊肉,1
test\18_葱爆羊肉\18_005468.jpg,18,18,葱爆羊肉,葱爆羊肉,1
test\18_葱爆羊肉\18_007775.jpg,18,18,葱爆羊肉,葱爆羊肉,1
test\18_葱爆羊肉\18_008314.jpg,18,18,葱爆羊肉,葱爆羊肉,1
test\18_葱爆羊肉\18_009005.jpg,18,18,葱爆羊肉,葱爆羊肉,1
test\18_葱爆羊肉\18_009256.jpg,18,5,葱爆羊肉,鱼香茄子,0
test\18_葱爆羊肉\18_010427.jpg,18,18,葱爆羊肉,葱爆羊肉,1
test\18_葱爆羊肉\18_011662.jpg,18,13,葱爆羊肉,京酱肉丝,0
test\18_葱爆羊肉\18_011666.jpg,18,13,葱爆羊肉,京酱肉丝,0
test\18_葱爆羊肉\18_013695.jpg,18,18,葱爆羊肉,葱爆羊肉,1
test\18_葱爆羊肉\18_013831.jpg,18,18,葱爆羊肉,葱爆羊肉,1
test\18_葱爆羊肉\18_014185.jpg,18,18,葱爆羊肉,葱爆羊肉,1
test\18_葱爆羊肉\18_014523.jpg,18,18,葱爆羊肉,葱爆羊肉,1
test\18_葱爆羊肉\18_016075.jpg,18,18,葱爆羊肉,葱爆羊肉,1
test\18_葱爆羊肉\18_017106.jpg,18,18,葱爆羊肉,葱爆羊肉,1
test\18_葱爆羊肉\18_018970.jpg,18,18,葱爆羊肉,葱爆羊肉,1
test\19_香辣小龙虾\19_001843.jpg,19,19,香辣小龙虾,香辣小龙虾,1
test\19_香辣小龙虾\19_002625.jpg,19,19,香辣小龙虾,香辣小龙虾,1
test\19_香辣小龙虾\19_003249.jpg,19,19,香辣小龙虾,香辣小龙虾,1
test\19_香辣小龙虾\19_004347.jpg,19,19,香辣小龙虾,香辣小龙虾,1
test\19_香辣小龙虾\19_005050.jpg,19,19,香辣小龙虾,香辣小龙虾,1
test\19_香辣小龙虾\19_006084.jpg,19,19,香辣小龙虾,香辣小龙虾,1
test\19_香辣小龙虾\19_007045.jpg,19,19,香辣小龙虾,香辣小龙虾,1
test\19_香辣小龙虾\19_007410.jpg,19,19,香辣小龙虾,香辣小龙虾,1
test\19_香辣小龙虾\19_007884.jpg,19,19,香辣小龙虾,香辣小龙虾,1
test\19_香辣小龙虾\19_009498.jpg,19,19,香辣小龙虾,香辣小龙虾,1
test\19_香辣小龙虾\19_009850.jpg,19,19,香辣小龙虾,香辣小龙虾,1
test\19_香辣小龙虾\19_010686.jpg,19,19,香辣小龙虾,香辣小龙虾,1
test\19_香辣小龙虾\19_011305.jpg,19,19,香辣小龙虾,香辣小龙虾,1
test\19_香辣小龙虾\19_011780.jpg,19,19,香辣小龙虾,香辣小龙虾,1
test\19_香辣小龙虾\19_016138.jpg,19,19,香辣小龙虾,香辣小龙虾,1
test\19_香辣小龙虾\19_016794.jpg,19,19,香辣小龙虾,香辣小龙虾,1
test\19_香辣小龙虾\19_016917.jpg,19,19,香辣小龙虾,香辣小龙虾,1
test\19_香辣小龙虾\19_017415.jpg,19,19,香辣小龙虾,香辣小龙虾,1
test\19_香辣小龙虾\19_018120.jpg,19,19,香辣小龙虾,香辣小龙虾,1
test\19_香辣小龙虾\19_019903.jpg,19,19,香辣小龙虾,香辣小龙虾,1
